userid,userpw,username,regdate,updatedate,enabled
admin90,$2a$10$xAxIaa2L2Kabu8798sdji.b3UlwJhSsxzTIr.n8ouXuPPr8DUvGkC,관리자90,"2021-12-01 15:40:14","2021-12-01 15:40:14",1
admin91,$2a$10$ixhFxm9r0kSLJwJumxTdneAyWrZprz1iQ85ZFuqejnfgyOhznSfTW,관리자91,"2021-12-01 15:40:14","2021-12-01 15:40:14",1
admin92,$2a$10$opQOxK7hz628SQbAkJ4XYe61fo2bZ3pUTW0eXqk.D0bL18o91iuBu,관리자92,"2021-12-01 15:40:14","2021-12-01 15:40:14",1
admin93,$2a$10$eWdGPoebfl6pw.pG0vxFfuh3a.VSIF1nksxivH8G9i4UvIHA1OmRe,관리자93,"2021-12-01 15:40:14","2021-12-01 15:40:14",1
admin94,$2a$10$/YP6PQbgBTZQrUwJ.af/tujKCmrZHyd.LhYXRlNnjcuItsnsJqDOK,관리자94,"2021-12-01 15:40:15","2021-12-01 15:40:15",1
admin95,$2a$10$AMZI8Ejk8dPNRD9egMtJ6.YEhSksaJDuzj7vb.m0BronxCRWEpFbC,관리자95,"2021-12-01 15:40:15","2021-12-01 15:40:15",1
admin96,$2a$10$8e2p6dJo9sLItDYhaNIi.uwE6WmSs3x23RZnnyln/Rnl1CONM7VRm,관리자96,"2021-12-01 15:40:15","2021-12-01 15:40:15",1
admin97,$2a$10$nqNV/BTSHTMIzbW52KyWL.rppLoOVGveU/P6tQcgpQe5Tw1ZhoP4y,관리자97,"2021-12-01 15:40:15","2021-12-01 15:40:15",1
admin98,$2a$10$GZKfNCRQUAm.9Ea5PUt.y.F.7tjz0EV4l/0R.qvqo5WuqYnscAW3.,관리자98,"2021-12-01 15:40:15","2021-12-01 15:40:15",1
admin99,$2a$10$2PQMPl4ONbjdoJsic4arKuY3PJqlo6KGYSN28gLuPsJs7cLplQ8Qy,관리자99,"2021-12-01 15:40:15","2021-12-01 15:40:15",1
manager80,$2a$10$wEtDVbBD3i7n.VFusuMXgOuelqdnpdwUPVnYYvBNIpu7ijSBE3cdS,운영자80,"2021-12-01 15:40:13","2021-12-01 15:40:13",1
manager81,$2a$10$yV1hruIigD5kT/8MwD2wuu9qMoq3ApETYsxHarbPdbXlYCWvIZ8pK,운영자81,"2021-12-01 15:40:13","2021-12-01 15:40:13",1
manager82,$2a$10$y3QP63moCRuJ/g7pzfUJ.uXUgyjMDgt03/XXPAeQGXFcZm6mDyh6K,운영자82,"2021-12-01 15:40:14","2021-12-01 15:40:14",1
manager83,$2a$10$n7jaRYSVxIKHVxW5H0gUh.bRpaMX.Omn3LdHjjDGLaudl6eJnHqhG,운영자83,"2021-12-01 15:40:14","2021-12-01 15:40:14",1
manager84,$2a$10$gdJ38dAXryVfxWGNg4Tuh.S45/1yRml1WKBv0jK/m3PldZvnPE31C,운영자84,"2021-12-01 15:40:14","2021-12-01 15:40:14",1
manager85,$2a$10$cojpJsWRIuE6pC7sPv1/mOKFzvR91RFEiln41qqd0NygUOPAH3tjG,운영자85,"2021-12-01 15:40:14","2021-12-01 15:40:14",1
manager86,$2a$10$n0H/4M7h0pGEAZGGIfMLIOgdOucOJ0zIDPb0IvH6F/9Hax53aClqC,운영자86,"2021-12-01 15:40:14","2021-12-01 15:40:14",1
manager87,$2a$10$cRR/ZdigIpxHIM1HzFiR6O7Zc7rHPq5NUORoyrWZ3SiHpdN7BAakW,운영자87,"2021-12-01 15:40:14","2021-12-01 15:40:14",1
manager88,$2a$10$7zSjqX2krNduu5lGa9lhb.HcGTlA2MSAEjWfqwlh0bUExRa9z./cy,운영자88,"2021-12-01 15:40:14","2021-12-01 15:40:14",1
manager89,$2a$10$TB7wG2uUgs0jNltf3bv5Je9F0JjRqQyBFXaOvHYZAw8OBOJrW/S8u,운영자89,"2021-12-01 15:40:14","2021-12-01 15:40:14",1
user0,$2a$10$9eiUOFmveIWM9/nRau4OFudDM.B9Go.uJ2DeXjYiwUC4L2vZ2TuGa,일반사용자0,"2021-12-01 15:40:06","2021-12-01 15:40:06",1
user1,$2a$10$anajKfGoxiZ3UY6g6F6SpuKHp5VI2oIUQ.bjhGtaJ/pjL5WL6tN1u,일반사용자1,"2021-12-01 15:40:07","2021-12-01 15:40:07",1
user10,$2a$10$DPIsoyZ824dH..lm7vrFGeA8xqUerVvgqvYN65iE9O7ePtrwRxlqC,일반사용자10,"2021-12-01 15:40:07","2021-12-01 15:40:07",1
user11,$2a$10$Rf9AUrZjSnW7TPQELIA9K.bJj0FdGHlOy93dH1MPS5ynV5bhMy.KG,일반사용자11,"2021-12-01 15:40:07","2021-12-01 15:40:07",1
user12,$2a$10$GRWsbfgdYdr0t3wg9cAsMeTv4rI504kU5ITeyqpOfbz8Jx6yvICHK,일반사용자12,"2021-12-01 15:40:07","2021-12-01 15:40:07",1
user13,$2a$10$ULLMQaIlkKn3yVri6Vp.MO4cQeviUCgy1DuLDG./EqbPZ.1xnDM/m,일반사용자13,"2021-12-01 15:40:08","2021-12-01 15:40:08",1
user14,$2a$10$eDVcZ2Hok56OooVECfttUea7QWWops1h9VF5tgm3lvBVEG/uUGTQa,일반사용자14,"2021-12-01 15:40:08","2021-12-01 15:40:08",1
user15,$2a$10$VI4peMow1Qrg/xmBlNLZn.S90zk2MsUAfBZAHeNmYPW9Vc2D7dInK,일반사용자15,"2021-12-01 15:40:08","2021-12-01 15:40:08",1
user16,$2a$10$AXGyqHF3MRwguZ8b6FvaceM8LARre0MNy4OwQCd6MZ01ETmeY5lN.,일반사용자16,"2021-12-01 15:40:08","2021-12-01 15:40:08",1
user17,$2a$10$3TkvxauWLTomJ.ivpme6xuyIm2HRho.gr4Li9/Na/NBsYYez8EyqS,일반사용자17,"2021-12-01 15:40:08","2021-12-01 15:40:08",1
user18,$2a$10$HJBxlEke3KfQ9J0t28RRP.wHcaJ.IQpLvlD3doTwC0lzQIC012eki,일반사용자18,"2021-12-01 15:40:08","2021-12-01 15:40:08",1
user19,$2a$10$vGgLpJj39PBAXcAcEfkoR.hGjCWkw6kRvuPW.1pzc5s6fJOVCfCwC,일반사용자19,"2021-12-01 15:40:08","2021-12-01 15:40:08",1
user2,$2a$10$PAwS6feobw/YhLaGhtUCHOu8PF2m9za845vgeTyEPCW/R7n887Vqu,일반사용자2,"2021-12-01 15:40:07","2021-12-01 15:40:07",1
user20,$2a$10$bTll83fAs7.gDMSPANGl1es8nyZ1j7/VGwg06hai60mHgnTYVNCF6,일반사용자20,"2021-12-01 15:40:08","2021-12-01 15:40:08",1
user21,$2a$10$HDU9s8Jztg/z1J5En0ZDoulzSgionnalMNVIxShme3byH8vedvj2O,일반사용자21,"2021-12-01 15:40:08","2021-12-01 15:40:08",1
user22,$2a$10$0JyPbj22JPWzn0So7Adk3OEyuqyeBOnvetUJLMfALIbUD17csVO9y,일반사용자22,"2021-12-01 15:40:08","2021-12-01 15:40:08",1
user23,$2a$10$flidz4.c/9ik7.fCyiqjQerxuPsP7JSi/5pphzj3yNNBcLpIFw5cC,일반사용자23,"2021-12-01 15:40:08","2021-12-01 15:40:08",1
user24,$2a$10$tDSSXnPkHz0oZE4.iMfYHOUJxKb/FbatglTRSEiTCpseYD9OjNJ9u,일반사용자24,"2021-12-01 15:40:09","2021-12-01 15:40:09",1
user25,$2a$10$xh6R1r9hILqlCBtyctWecuEHpgc69D3lmC3phGkXmvTyPExWm5FLq,일반사용자25,"2021-12-01 15:40:09","2021-12-01 15:40:09",1
user26,$2a$10$bsqxnkUojiGe1kq2YXUm8OALpov2/bA/ec2cJuctFLBiEzud1DKLO,일반사용자26,"2021-12-01 15:40:09","2021-12-01 15:40:09",1
user27,$2a$10$p.kao6uAcN/k44X8RfC5LugexSq9oURtfD/NOCjHAbyHmAnjrToF2,일반사용자27,"2021-12-01 15:40:09","2021-12-01 15:40:09",1
user28,$2a$10$o3EoH4xdysxMX0eo8t7mOeYAtdBFqz.zBOFO3OlHtu4YQLh2RTe0i,일반사용자28,"2021-12-01 15:40:09","2021-12-01 15:40:09",1
user29,$2a$10$SxY6B64AqhhP2EjuE7OUH.n8qMM6mUGhCn4k8MiMyFUXiEx9m6dTm,일반사용자29,"2021-12-01 15:40:09","2021-12-01 15:40:09",1
user3,$2a$10$AQ7dq3Qt2fnxABPms3mCDe6VPbrRy3ixTwL4omTdYPqT/IUQ0MkgO,일반사용자3,"2021-12-01 15:40:07","2021-12-01 15:40:07",1
user30,$2a$10$D.8M1AP8hz9NM3jDfWnE.eRCSEmBQMkj8JGVAPyT6vTXAwory9rIG,일반사용자30,"2021-12-01 15:40:09","2021-12-01 15:40:09",1
user31,$2a$10$JZ.SkAt4BQL8iC/3L57CaOS2CcSp2rkFrWBnxKZvyDTL67HLUluSq,일반사용자31,"2021-12-01 15:40:09","2021-12-01 15:40:09",1
user32,$2a$10$NKbmxZ3Z8FHMJDoubNuHp.ixoR03Vmit/YPGJFGf/QMND8OC88uG.,일반사용자32,"2021-12-01 15:40:09","2021-12-01 15:40:09",1
user33,$2a$10$TItEwX22y3h8tY6yIMZQNeXxEZgs.vBuGszntNoZ1bYh28F6Qu4Yq,일반사용자33,"2021-12-01 15:40:09","2021-12-01 15:40:09",1
user34,$2a$10$DmIdEDfLekjDfi9kb.8MsOjZ.zBugJJMKL3IEXrh424U3tv.5.jUa,일반사용자34,"2021-12-01 15:40:09","2021-12-01 15:40:09",1
user35,$2a$10$8OhrXxfAzhlO.Tsk9dX83ulZupdSJjpuR6fPrmTm.ZN8HGgXiKKRu,일반사용자35,"2021-12-01 15:40:09","2021-12-01 15:40:09",1
user36,$2a$10$uc0zPbeVwbXq99f6sqFV6elwBV6J9xkueBlWdcKXUIPWHBxa07FFa,일반사용자36,"2021-12-01 15:40:10","2021-12-01 15:40:10",1
user37,$2a$10$KS2ipUW7mK3xaEHzQ3ng8OZ1s7YiPtU1vNAMdw8GCPS3faoZYfC7O,일반사용자37,"2021-12-01 15:40:10","2021-12-01 15:40:10",1
user38,$2a$10$8hI3Per4gMySgww/pmBgJuz39TqYIiJyrba8T0/.vsXM3sJffo.by,일반사용자38,"2021-12-01 15:40:10","2021-12-01 15:40:10",1
user39,$2a$10$rfVBeem/30IK1oc4f6t28OnV9gYA3cNbujXSCQcffwslENnpfZ9nm,일반사용자39,"2021-12-01 15:40:10","2021-12-01 15:40:10",1
user4,$2a$10$xB2podYJntQ76jlV/PeOAudftiQUilW27AFNuUwKRZ3GBgmUXt8Sy,일반사용자4,"2021-12-01 15:40:07","2021-12-01 15:40:07",1
user40,$2a$10$Uun2QOST06CQSgAl6KA74.OKDHnKNkF1L/hNiFf5Foyg3MqHZXFmm,일반사용자40,"2021-12-01 15:40:10","2021-12-01 15:40:10",1
user41,$2a$10$.SZQRe9lb5fEqsmrlp3Lc.pdxYd2Rr.7R46Y4ogrs2BZS5OsPorry,일반사용자41,"2021-12-01 15:40:10","2021-12-01 15:40:10",1
user42,$2a$10$/TNk9KyhRyAzgM3P8j7mruaOuh4nsP2s/xSL8IiMmov4HoJB4sdsW,일반사용자42,"2021-12-01 15:40:10","2021-12-01 15:40:10",1
user43,$2a$10$mbHp7gfT8oFaHA6JzHa2kuRdiYGI0JpW9gmnVK7rR98C3YxSsotSG,일반사용자43,"2021-12-01 15:40:10","2021-12-01 15:40:10",1
user44,$2a$10$AC5NnL6/uFzK5mPHFaJcxOtd6y8gwmiM0qkXYTfskPbrPuyGv7ZjC,일반사용자44,"2021-12-01 15:40:10","2021-12-01 15:40:10",1
user45,$2a$10$H0x6j7iKgS.IMafqTPRvjOPI3ZtI1CBjBUENvbnh7rjb2SUlIBl2m,일반사용자45,"2021-12-01 15:40:10","2021-12-01 15:40:10",1
user46,$2a$10$.TRax8tXr7sIzDkgxyqtkuw3tboM3o4tgBgm5jQ5qNsVa3KL0EOmy,일반사용자46,"2021-12-01 15:40:10","2021-12-01 15:40:10",1
user47,$2a$10$Bv2zY.UpRbZjrB0PqrULleaUWp4RoINqk8L6w.VGdOTmyytt3ZKC.,일반사용자47,"2021-12-01 15:40:11","2021-12-01 15:40:11",1
user48,$2a$10$2oKTk2eUHL3BghYdj9MRxe9dNLeXM8G4JHoUxpriGxNDG6QJ7gTAy,일반사용자48,"2021-12-01 15:40:11","2021-12-01 15:40:11",1
user49,$2a$10$vrIqinxX/nwQ/aGLoF9MtuyPTRcxqazxGmNFCcu9hTWtgZKuHO0Ri,일반사용자49,"2021-12-01 15:40:11","2021-12-01 15:40:11",1
user5,$2a$10$Pvjl299gNeDQsCqcEXs6HOtqtwiWgHdgXL5lCCUuNeHVb.NqiWAdm,일반사용자5,"2021-12-01 15:40:07","2021-12-01 15:40:07",1
user50,$2a$10$le.PBOJr3Ga98f6ibjJ3ouCVoqjCXswJ.Ae6k7tyh8l74DXZZ1Ks.,일반사용자50,"2021-12-01 15:40:11","2021-12-01 15:40:11",1
user51,$2a$10$.S.NXW0OqcUeYDfN3bcJ4.o1bA5GIyg8Qjev1dLvIWadmo3Bo/98S,일반사용자51,"2021-12-01 15:40:11","2021-12-01 15:40:11",1
user52,$2a$10$C2wRR0nKS.CXDd37Oyn/Z.yN/Vt.lTZ3gvjRYb.a.tcTWvJt2rXDG,일반사용자52,"2021-12-01 15:40:11","2021-12-01 15:40:11",1
user53,$2a$10$16vwZ/t3/VTL88Ptu08OeOhcEKHaHJ88TxXgMFrjZPV4bpVDyhuFi,일반사용자53,"2021-12-01 15:40:11","2021-12-01 15:40:11",1
user54,$2a$10$wlRK6zfodn9ADaOtdZd.6eG1Pnc4OlhX1PIwKLVKBD9D3oliysRhS,일반사용자54,"2021-12-01 15:40:11","2021-12-01 15:40:11",1
user55,$2a$10$jQkdu0x6vHglE28hmsDtU.6DIQMgkLMBsUuNXRFP86Ef0Tr0CyMbO,일반사용자55,"2021-12-01 15:40:11","2021-12-01 15:40:11",1
user56,$2a$10$9uRbcF9FAygtEu/1kRWoJuKOv.egPE67OOfqtHhgFh9izVwpBl5OO,일반사용자56,"2021-12-01 15:40:11","2021-12-01 15:40:11",1
user57,$2a$10$aRYZQBg2Mwp66yuCiE.xJOquNWQhNSxEqRUm8CG0U13u8E9y6q1aS,일반사용자57,"2021-12-01 15:40:11","2021-12-01 15:40:11",1
user58,$2a$10$CVVKe0/fKNR/eDgHPWarVubmP7ZStGx7D1sNo5G45cHCZIhjQJx0u,일반사용자58,"2021-12-01 15:40:11","2021-12-01 15:40:11",1
user59,$2a$10$5QbAQ99yoOUjroilSdL0WuuA9Cy8PVKm.zonnjzygacxAAP7pTHr2,일반사용자59,"2021-12-01 15:40:12","2021-12-01 15:40:12",1
user6,$2a$10$bcPMX.LY.Y433NRarVycFOdobb6.r9NpTX9JMPqqg4s5VkM7POola,일반사용자6,"2021-12-01 15:40:07","2021-12-01 15:40:07",1
user60,$2a$10$z0Cv/q0cZfXcU3d/.INyVexezqZymfMWFYqkI9t3XmR3k.j.ztwhS,일반사용자60,"2021-12-01 15:40:12","2021-12-01 15:40:12",1
user61,$2a$10$vuEc35hG4IZ/GXg/EGLCMOV2wu7eUfxkKdna/Ac1q3QgFuHbet6Ga,일반사용자61,"2021-12-01 15:40:12","2021-12-01 15:40:12",1
user62,$2a$10$sv1fZE79xebD/nJYayb/T.gXyFN/AxIfBbuWHmHU10PGM9QEsA4F2,일반사용자62,"2021-12-01 15:40:12","2021-12-01 15:40:12",1
user63,$2a$10$pQOuo65RKLe22iL.NE8VUOKd81JjL8oaBLf4AJLj9dNDLCg5.x5Rm,일반사용자63,"2021-12-01 15:40:12","2021-12-01 15:40:12",1
user64,$2a$10$KSMMZ3008cvXSGJCJfxTCOuMdAnneyRVz7FfmdthtjyWKOpSAb2OG,일반사용자64,"2021-12-01 15:40:12","2021-12-01 15:40:12",1
user65,$2a$10$yTufXOeRsiH8/h.YO95.l.nYmKDs5JxBV7AYW4K6z7RAfwuCajkM.,일반사용자65,"2021-12-01 15:40:12","2021-12-01 15:40:12",1
user66,$2a$10$t7bIoQtbz9T/zhquFejqd.tp5nGwsiEPnZjqBpuPcVcvBGB80tWGS,일반사용자66,"2021-12-01 15:40:12","2021-12-01 15:40:12",1
user67,$2a$10$qm0zbsOynE3lYqU6Rv2CAOuQgtNokkNEcrMpKeHzF55uiGbJcn8dq,일반사용자67,"2021-12-01 15:40:12","2021-12-01 15:40:12",1
user68,$2a$10$St8/6TtdoBvuA8m7q78l/uaty3pRZ47kdeOzuTeQPfLJXT7Akm5Ni,일반사용자68,"2021-12-01 15:40:12","2021-12-01 15:40:12",1
user69,$2a$10$Gojp7ikyh41TorH6N1OjvercmYQR7JqDRtnw92p2khUlJk7ZDSZly,일반사용자69,"2021-12-01 15:40:12","2021-12-01 15:40:12",1
user7,$2a$10$Y0EJiAYUpgb7lM9t9cs28Og7zPTbgj6yfRuNi3CkJZpjiQtVZMgJW,일반사용자7,"2021-12-01 15:40:07","2021-12-01 15:40:07",1
user70,$2a$10$0Om2FV77hPBtxy7.CXD2f.Mhwd/397h7ALhAHrrZgdJ40jLsTnmAy,일반사용자70,"2021-12-01 15:40:12","2021-12-01 15:40:12",1
user71,$2a$10$W.WkBNc0gSPXijSJVlDVkeG5w7RkNgoXyeama/d0dE07mFnLHMx9K,일반사용자71,"2021-12-01 15:40:13","2021-12-01 15:40:13",1
user72,$2a$10$vgc7969pXbAsVfW5GM1g9.XqbQiwxZuA747mngPBa6Q05.wkMTiaK,일반사용자72,"2021-12-01 15:40:13","2021-12-01 15:40:13",1
user73,$2a$10$/S9xrB..NnZWIS5HVh.iz.z9YRblqALHVwEztHbny6ZiO8shX9Wcy,일반사용자73,"2021-12-01 15:40:13","2021-12-01 15:40:13",1
user74,$2a$10$swoa.ALXsSv1kN.Nr7a4B.iE2CAdeZPOpvKdGQX3sKuxG3vNB/pt.,일반사용자74,"2021-12-01 15:40:13","2021-12-01 15:40:13",1
user75,$2a$10$WqAQDURFsGDbdNc3y16O5uf.zIiv1Od3.BiKddv0ffkVIxT1kdUbO,일반사용자75,"2021-12-01 15:40:13","2021-12-01 15:40:13",1
user76,$2a$10$njSYtoFmQzJ.kHQwwMXYJeWykKLe5Kr33tRmmqgymrRmEkmQ2vZUK,일반사용자76,"2021-12-01 15:40:13","2021-12-01 15:40:13",1
user77,$2a$10$T04DM3koDmVp9XD.O7.lMOsow146LOQTXbzMA0q8AK00vqdgW8/DK,일반사용자77,"2021-12-01 15:40:13","2021-12-01 15:40:13",1
user78,$2a$10$XAzS4WVzU5lUu.cIyGtwpuSDxow7Q2XuDYLfAoaQaM0VlHq7NwjDe,일반사용자78,"2021-12-01 15:40:13","2021-12-01 15:40:13",1
user79,$2a$10$VwTVs5WyyBlIVga0qyfTzOadHoG6BXG5s5X0CduFSpnnf2ptDSjpC,일반사용자79,"2021-12-01 15:40:13","2021-12-01 15:40:13",1
user8,$2a$10$FKhx9eBOGMriZ7V8LukOS.mFwn9qECiUh9eGFFmWKMSdcqPqyDqF6,일반사용자8,"2021-12-01 15:40:07","2021-12-01 15:40:07",1
user9,$2a$10$fpDEDtKLxBLEYkZn2ulI.ufPT2mAxoZtWN/gmU5UYLtjMx8A7EbKK,일반사용자9,"2021-12-01 15:40:07","2021-12-01 15:40:07",1
